test,baseline,candidate,comparison,classification
"AnalyzerTest.CompatibilityOverloadRejectsInsufficientRequests","Passed","Passed","PASS_BOTH",""
"AnalyzerTest.ReportsDuplicateAndUnresolvedIdentifiers","Passed","Passed","PASS_BOTH",""
"AnalyzerTest.ReportsDuplicateRelationshipTuples","Passed","Passed","PASS_BOTH",""
"AnalyzerTest.SummarizesAValidCanonicalDocument","Passed","Passed","PASS_BOTH",""
"ArtifactGeneratorTest.CarriesValidationAndRejectsEmptyOutputDirectory","Passed","Passed","PASS_BOTH",""
"ArtifactGeneratorTest.WritesStableGraphAndExplicitCodePlaceholder","Passed","Passed","PASS_BOTH",""
"ArtifactGeneratorTest.WritesTheExactDeterministicBundle","Passed","Passed","PASS_BOTH",""
"CanonicalValueTest.ObjectStorageAndLocationAreDeterministic","Passed","Passed","PASS_BOTH",""
"CanonicalValueTest.RepresentsEveryCanonicalType","Passed","Passed","PASS_BOTH",""
"CanonicalValueTest.StableTypeNamesMatchSchemaVocabulary","Passed","Passed","PASS_BOTH",""
"CliTest.DispatchesEveryCompilerCommand","Passed","Passed","PASS_BOTH",""
"CliTest.DispatchesNormalizedCompileRequest","Passed","Passed","PASS_BOTH",""
"CliTest.DoctorReportsReadinessAsDeterministicJson","Passed","Passed","PASS_BOTH",""
"CliTest.HelpAndVersionSucceed","Passed","Passed","PASS_BOTH",""
"CliTest.RejectsMissingSourceUnknownOptionsAndDuplicateOutput","Passed","Passed","PASS_BOTH",""
"CliTest.RejectsNullCommandService","Passed","Passed","PASS_BOTH",""
"CliTest.RoutesFailedCommandJsonToErrorStream","Passed","Passed","PASS_BOTH",""
"CliTest.UnknownCommandUsesStructuredUsageError","Passed","Passed","PASS_BOTH",""
"CompilerPipelineTest.AnalyzeBuildsTheTypedModelWithoutWritingFiles","Passed","Passed","PASS_BOTH",""
"CompilerPipelineTest.CompileGeneratesTheCompleteDeterministicBundle","Passed","Passed","PASS_BOTH",""
"CompilerPipelineTest.RejectsInvalidConstructionAndRequests","Passed","Passed","PASS_BOTH",""
"CompilerPipelineTest.StopsAfterParseErrors","Passed","Passed","PASS_BOTH",""
"CompilerPipelineTest.ValidateRunsThroughDependencyResolution","Passed","Passed","PASS_BOTH",""
"CompilerServiceTest.MapsCompilerDiagnosticsToValidationExitCode","Passed","Passed","PASS_BOTH",""
"CompilerServiceTest.RejectsANullPipeline","Passed","Passed","PASS_BOTH",""
"CompilerServiceTest.ReturnsDeterministicStructuredValidationOutput","Passed","Passed","PASS_BOTH",""
"ConfigurationTest.DefaultsAreValidAndDeterministic","Passed","Passed","PASS_BOTH",""
"ConfigurationTest.EmptyOutputDirectoryIsInvalid","Passed","Passed","PASS_BOTH",""
"ConformanceGeneratorTest.RejectsIncompleteRequest","Passed","Passed","PASS_BOTH",""
"ConformanceGeneratorTest.ReportsDeterministicPlaceholderStatus","Passed","Passed","PASS_BOTH",""
"DependencyResolverTest.ProducesAStableDependencyFirstOrder","Passed","Passed","PASS_BOTH",""
"DependencyResolverTest.ReportsCircularDependencies","Passed","Passed","PASS_BOTH",""
"DependencyResolverTest.ReportsIncompatibleVersions","Passed","Passed","PASS_BOTH",""
"DiagnosticsTest.CollectorReturnsSortedSnapshotAndClears","Passed","Passed","PASS_BOTH",""
"DiagnosticsTest.CompatibilityConstructorCreatesStableIdentifier","Passed","Passed","PASS_BOTH",""
"DiagnosticsTest.FullDiagnosticPreservesActionableFields","Passed","Passed","PASS_BOTH",""
"DiagnosticsTest.NullSinkSupportsPolymorphicInjection","Passed","Passed","PASS_BOTH",""
"DiagnosticsTest.SeverityStringsAreStable","Passed","Passed","PASS_BOTH",""
"DiagnosticsTest.StatusFactoriesPreserveCodesAndMessages","Passed","Passed","PASS_BOTH",""
"DiagnosticsTest.ValidationResultMergesInDeterministicOrder","Passed","Passed","PASS_BOTH",""
"DiagnosticsTest.ValidationResultSortsAndCountsDiagnostics","Passed","Passed","PASS_BOTH",""
"DocumentationGeneratorTest.RejectsIncompleteRequest","Passed","Passed","PASS_BOTH",""
"DocumentationGeneratorTest.ReportsDeterministicPlaceholderStatus","Passed","Passed","PASS_BOTH",""
"InternalModelTest.IdentifierEnforcesCanonicalGrammar","Passed","Passed","PASS_BOTH",""
"InternalModelTest.SpecificationCountsAllTypedObjects","Passed","Passed","PASS_BOTH",""
"InternalModelTest.TypedObjectsRetainArchitectureNeutralReferences","Passed","Passed","PASS_BOTH",""
"InternalModelTest.VersionParsesAndRoundTripsSemanticVersion","Passed","Passed","PASS_BOTH",""
"InternalModelTest.VersionRejectsMalformedAndOverflowValues","Passed","Passed","PASS_BOTH",""
"KnowledgeRetrievalAllocationFailureTest.ExplainCopyPreservesSessionAndSourcesAtEveryFailure","Failed","Failed","PRE_EXISTING","PRODUCT_OR_TOOLCHAIN_UNDETERMINED"
"KnowledgeRetrievalAllocationFailureTest.ExplainNotStartedFailureConstructionPreservesEverything","Failed","Failed","PRE_EXISTING","PRODUCT_OR_TOOLCHAIN_UNDETERMINED"
"KnowledgeRetrievalAllocationFailureTest.FilterNotStartedFailureConstructionPreservesEverything","Failed","Failed","PRE_EXISTING","PRODUCT_OR_TOOLCHAIN_UNDETERMINED"
"KnowledgeRetrievalAllocationFailureTest.FilterPreservesCompleteSessionAndSourcesAtEveryFailure","Failed","Failed","PRE_EXISTING","PRODUCT_OR_TOOLCHAIN_UNDETERMINED"
"KnowledgeRetrievalAllocationFailureTest.ForgetReadySessionIsAtomicAndSourceIsolated","Failed","Failed","PRE_EXISTING","PRODUCT_OR_TOOLCHAIN_UNDETERMINED"
"KnowledgeRetrievalAllocationFailureTest.ForgetStartedSessionIsAtomicAndSourceIsolated","Failed","Failed","PRE_EXISTING","PRODUCT_OR_TOOLCHAIN_UNDETERMINED"
"KnowledgeRetrievalAllocationFailureTest.ForgottenSessionFailureConstructionPreservesEverything","Failed","Failed","PRE_EXISTING","PRODUCT_OR_TOOLCHAIN_UNDETERMINED"
"KnowledgeRetrievalAllocationFailureTest.RankNotStartedFailureConstructionPreservesEverything","Failed","Failed","PRE_EXISTING","PRODUCT_OR_TOOLCHAIN_UNDETERMINED"
"KnowledgeRetrievalAllocationFailureTest.RankPreservesCompleteSessionAndSourcesAtEveryFailure","Failed","Failed","PRE_EXISTING","PRODUCT_OR_TOOLCHAIN_UNDETERMINED"
"KnowledgeRetrievalAllocationFailureTest.RepeatedForgetRemainsTerminalAndSourceIsolated","Failed","Failed","PRE_EXISTING","PRODUCT_OR_TOOLCHAIN_UNDETERMINED"
"KnowledgeRetrievalAllocationFailureTest.RepeatedStartFailureConstructionPreservesEverything","Failed","Failed","PRE_EXISTING","PRODUCT_OR_TOOLCHAIN_UNDETERMINED"
"KnowledgeRetrievalAllocationFailureTest.RetrieveNotFoundFailureConstructionPreservesEverything","Failed","Failed","PRE_EXISTING","PRODUCT_OR_TOOLCHAIN_UNDETERMINED"
"KnowledgeRetrievalAllocationFailureTest.RetrieveStartPreservesSessionAndAllSourcesAtEveryFailure","Failed","Failed","PRE_EXISTING","PRODUCT_OR_TOOLCHAIN_UNDETERMINED"
"KnowledgeRetrievalAllocationFailureTest.SearchStartPreservesSessionAndAllSourcesAtEveryFailure","Failed","Failed","PRE_EXISTING","PRODUCT_OR_TOOLCHAIN_UNDETERMINED"
"KnowledgeRetrievalAllocationFailureTest.ZeroMatchSearchStartIsAtomicAtEveryFailure","Failed","Failed","PRE_EXISTING","PRODUCT_OR_TOOLCHAIN_UNDETERMINED"
"LoggingTest.LogLevelNamesAreStable","Passed","Passed","PASS_BOTH",""
"LoggingTest.NullLoggerSupportsPolymorphicInjection","Passed","Passed","PASS_BOTH",""
"LoggingTest.StreamLoggerProducesDeterministicLine","Passed","Passed","PASS_BOTH",""
"LongTermMemoryAllocationFailureTest.ArchivePreservesStateAtEveryAllocationFailure","Failed","Failed","PRE_EXISTING","PRODUCT_OR_TOOLCHAIN_UNDETERMINED"
"LongTermMemoryAllocationFailureTest.ForgetPreservesEntriesAndHistoryAtEveryAllocationFailure","Failed","Failed","PRE_EXISTING","PRODUCT_OR_TOOLCHAIN_UNDETERMINED"
"LongTermMemoryAllocationFailureTest.RestorePreservesSourceAndTargetAtEveryAllocationFailure","Failed","Failed","PRE_EXISTING","PRODUCT_OR_TOOLCHAIN_UNDETERMINED"
"LongTermMemoryAllocationFailureTest.RetainAppendPreservesStateAtEveryAllocationFailure","Failed","Failed","PRE_EXISTING","PRODUCT_OR_TOOLCHAIN_UNDETERMINED"
"LongTermMemoryAllocationFailureTest.RetainIdempotencePreservesStateAtEveryAllocationFailure","Failed","Failed","PRE_EXISTING","PRODUCT_OR_TOOLCHAIN_UNDETERMINED"
"LongTermMemoryAllocationFailureTest.StoreAppendPreservesStateAtEveryAllocationFailure","Failed","Failed","PRE_EXISTING","PRODUCT_OR_TOOLCHAIN_UNDETERMINED"
"LongTermMemoryAllocationFailureTest.StoreReplacementPreservesStateAtEveryAllocationFailure","Failed","Failed","PRE_EXISTING","PRODUCT_OR_TOOLCHAIN_UNDETERMINED"
"MemoryConsolidationAllocationFailureTest.AnalyzePreservesCompleteStateAtEveryFailure","Failed","Failed","PRE_EXISTING","PRODUCT_OR_TOOLCHAIN_UNDETERMINED"
"MemoryConsolidationAllocationFailureTest.ForgetSessionPreservesCompleteStateAtEveryFailure","Failed","Failed","PRE_EXISTING","PRODUCT_OR_TOOLCHAIN_UNDETERMINED"
"MemoryConsolidationAllocationFailureTest.PromotePreservesCompleteStateAtEveryFailure","Failed","Failed","PRE_EXISTING","PRODUCT_OR_TOOLCHAIN_UNDETERMINED"
"MemoryConsolidationAllocationFailureTest.RetainPreservesCompleteStateAtEveryFailure","Failed","Failed","PRE_EXISTING","PRODUCT_OR_TOOLCHAIN_UNDETERMINED"
"MemoryConsolidationAllocationFailureTest.RetrieveSessionPreservesCompleteStateAtEveryFailure","Failed","Failed","PRE_EXISTING","PRODUCT_OR_TOOLCHAIN_UNDETERMINED"
"MemoryConsolidationAllocationFailureTest.ValidatePreservesCompleteStateAtEveryFailure","Failed","Failed","PRE_EXISTING","PRODUCT_OR_TOOLCHAIN_UNDETERMINED"
"MemoryOsSdk.CapturesAndVerifiesTrustedRegressionPolicyFacts","Passed","Passed","PASS_BOTH",""
"MemoryOsSdk.DefaultObservationOperationsMatchCrossLanguageDigests","Passed","Passed","PASS_BOTH",""
"MemoryOsSdk.DelegatesImmutableDeterministicRegressionToCore","Passed","Passed","PASS_BOTH",""
"MemoryOsSdk.DelegatesObservationTraceReplayVerifyAndRestore","Passed","Passed","PASS_BOTH",""
"MemoryOsSdk.DelegatesPolicySemanticsAndRetainsExactBytes","Passed","Passed","PASS_BOTH",""
"MemoryOsSdk.EmptyPackageFailsAsMipValidationNotTransportInput","Passed","Passed","PASS_BOTH",""
"MemoryOsSdk.EnforcesObservationWorkspaceAuthorityAcrossTheBridge","Passed","Passed","PASS_BOTH",""
"MemoryOsSdk.EvaluatesAnAuthoritativeMipBackedContext","Passed","Passed","PASS_BOTH",""
"MemoryOsSdk.EvaluatesPolicySetAndCneAsNormalOutcomes","Passed","Passed","PASS_BOTH",""
"MemoryOsSdk.ExposesVersionedImmutableValueHandles","Passed","Passed","PASS_BOTH",""
"MemoryOsSdk.KeepsConcurrentInstancesDeterministicAndIsolated","Passed","Passed","PASS_BOTH",""
"MemoryOsSdk.NavigatesRegressionEvidenceExclusivelyThroughCore","Passed","Passed","PASS_BOTH",""
"MemoryOsSdk.PreservesExactMipAndEveryComparisonStage","Passed","Passed","PASS_BOTH",""
"MemoryOsSdk.PreservesMetadataIsolationAndExactCachedBytes","Passed","Passed","PASS_BOTH",""
"MemoryOsSdk.PreservesStablePolicyErrorsAcrossTheBridge","Passed","Passed","PASS_BOTH",""
"MemoryOsSdk.PreservesStoredExtensionPolicyWhenExportOverrideIsOmitted","Passed","Passed","PASS_BOTH",""
"MemoryOsSdk.ReachesNativeComparisonThroughTwoExplicitObservations","Passed","Passed","PASS_BOTH",""
"MemoryOsSdk.RejectsCrossInstanceAndNativeExport","Passed","Passed","PASS_BOTH",""
"MemoryOsSdk.RejectsReplayHandleAfterActiveReplayIsReplaced","Passed","Passed","PASS_BOTH",""
"MemoryOsSdk.ReportsPackageFailuresWithoutPublishingAValue","Passed","Passed","PASS_BOTH",""
"MemoryOsSdk.VerifiesAllFrozenPolicyEvaluationArtifactsExactly","Passed","Passed","PASS_BOTH",""
"MemoryProviderAllocationFailureTest.CompletedLifecycleFailureConstructionPreservesCompleteState","Failed","Failed","PRE_EXISTING","PRODUCT_OR_TOOLCHAIN_UNDETERMINED"
"MemoryProviderAllocationFailureTest.DescriptorWorkspaceFailureConstructionPreservesCompleteState","Failed","Failed","PRE_EXISTING","PRODUCT_OR_TOOLCHAIN_UNDETERMINED"
"MemoryProviderAllocationFailureTest.EmptyEnumerationPreservesCompleteStateAtEveryAllocationFailure","Failed","Failed","PRE_EXISTING","PRODUCT_OR_TOOLCHAIN_UNDETERMINED"
"MemoryProviderAllocationFailureTest.ExportIsAtomicAndPreservesEverySourceAtEveryAllocationFailure","Failed","Failed","PRE_EXISTING","PRODUCT_OR_TOOLCHAIN_UNDETERMINED"
"MemoryProviderAllocationFailureTest.ForgetFromExportedIsAtomicAtEveryAllocationFailure","Failed","Failed","PRE_EXISTING","PRODUCT_OR_TOOLCHAIN_UNDETERMINED"
"MemoryProviderAllocationFailureTest.ForgetFromImportedIsAtomicAtEveryAllocationFailure","Failed","Failed","PRE_EXISTING","PRODUCT_OR_TOOLCHAIN_UNDETERMINED"
"MemoryProviderAllocationFailureTest.ForgetFromOpenIsAtomicAtEveryAllocationFailure","Failed","Failed","PRE_EXISTING","PRODUCT_OR_TOOLCHAIN_UNDETERMINED"
"MemoryProviderAllocationFailureTest.ForgottenLifecycleFailureConstructionPreservesCompleteState","Failed","Failed","PRE_EXISTING","PRODUCT_OR_TOOLCHAIN_UNDETERMINED"
"MemoryProviderAllocationFailureTest.ImportIsAtomicAndPreservesEverySourceAtEveryAllocationFailure","Failed","Failed","PRE_EXISTING","PRODUCT_OR_TOOLCHAIN_UNDETERMINED"
"MemoryProviderAllocationFailureTest.InvalidIdentityFailureConstructionPreservesCompleteState","Failed","Failed","PRE_EXISTING","PRODUCT_OR_TOOLCHAIN_UNDETERMINED"
"MemoryProviderAllocationFailureTest.NewRegistrationIsAtomicAtEveryAllocationFailure","Failed","Failed","PRE_EXISTING","PRODUCT_OR_TOOLCHAIN_UNDETERMINED"
"MemoryProviderAllocationFailureTest.PopulatedEnumerationPreservesCompleteStateAtEveryAllocationFailure","Failed","Failed","PRE_EXISTING","PRODUCT_OR_TOOLCHAIN_UNDETERMINED"
"MemoryProviderAllocationFailureTest.RegistrationFailureConstructionPreservesCompleteState","Failed","Failed","PRE_EXISTING","PRODUCT_OR_TOOLCHAIN_UNDETERMINED"
"MemoryProviderAllocationFailureTest.ValidateFailureConstructionPreservesCompleteState","Failed","Failed","PRE_EXISTING","PRODUCT_OR_TOOLCHAIN_UNDETERMINED"
"MemoryProviderAllocationFailureTest.ValidateSuccessPreservesCompleteStateAtEveryAllocationFailure","Failed","Failed","PRE_EXISTING","PRODUCT_OR_TOOLCHAIN_UNDETERMINED"
"MemoryReflectionAllocationFailureTest.DerivePreservesCompleteStateAndSourcesAtEveryFailure","Failed","Failed","PRE_EXISTING","PRODUCT_OR_TOOLCHAIN_UNDETERMINED"
"MemoryReflectionAllocationFailureTest.ExplainPreservesCompleteStateAtEveryFailure","Failed","Failed","PRE_EXISTING","PRODUCT_OR_TOOLCHAIN_UNDETERMINED"
"MemoryReflectionAllocationFailureTest.ForgetSessionIsAtomicAtEveryFailure","Failed","Failed","PRE_EXISTING","PRODUCT_OR_TOOLCHAIN_UNDETERMINED"
"MemoryReflectionAllocationFailureTest.ReflectPreservesCompleteStateAtEveryFailure","Failed","Failed","PRE_EXISTING","PRODUCT_OR_TOOLCHAIN_UNDETERMINED"
"MemoryReflectionAllocationFailureTest.RetrieveSessionPreservesCompleteStateAtEveryFailure","Failed","Failed","PRE_EXISTING","PRODUCT_OR_TOOLCHAIN_UNDETERMINED"
"MemoryReflectionAllocationFailureTest.SourceChangedFailureConstructionPreservesEverything","Failed","Failed","PRE_EXISTING","PRODUCT_OR_TOOLCHAIN_UNDETERMINED"
"MemoryReflectionAllocationFailureTest.SourceNotFoundFailureConstructionPreservesEverything","Failed","Failed","PRE_EXISTING","PRODUCT_OR_TOOLCHAIN_UNDETERMINED"
"MemoryReflectionAllocationFailureTest.ValidateDerivedPreservesCompleteStateAtEveryFailure","Failed","Failed","PRE_EXISTING","PRODUCT_OR_TOOLCHAIN_UNDETERMINED"
"MemoryReflectionAllocationFailureTest.ValidatePreparedPreservesCompleteStateAtEveryFailure","Failed","Failed","PRE_EXISTING","PRODUCT_OR_TOOLCHAIN_UNDETERMINED"
"MemoryReflectionAllocationFailureTest.WrongStageFailureConstructionPreservesEverything","Failed","Failed","PRE_EXISTING","PRODUCT_OR_TOOLCHAIN_UNDETERMINED"
"MemoryStudioAllocationFailureTest.CompleteViewConstructionSweepsEveryAllocation","Failed","Failed","PRE_EXISTING","PRODUCT_OR_TOOLCHAIN_UNDETERMINED"
"MemoryStudioAllocationFailureTest.EverySemanticFailureFactoryPropagatesAllocationAndPreservesState","Failed","Failed","PRE_EXISTING","PRODUCT_OR_TOOLCHAIN_UNDETERMINED"
"MemoryStudioAllocationFailureTest.ForgetStagesSuccessBeforeItsNonthrowingTerminalCommit","Failed","Failed","PRE_EXISTING","PRODUCT_OR_TOOLCHAIN_UNDETERMINED"
"MemoryStudioAllocationFailureTest.InspectTraceSummarizeAndExportPreserveCompleteObservedState","Failed","Failed","PRE_EXISTING","PRODUCT_OR_TOOLCHAIN_UNDETERMINED"
"MemoryStudioAllocationFailureTest.InvalidMovedViewFailureConstructionPreservesAllInputs","Failed","Failed","PRE_EXISTING","PRODUCT_OR_TOOLCHAIN_UNDETERMINED"
"MemoryStudioAllocationFailureTest.ObserveAndReobserveCommitOnlyAfterCompleteStaging","Failed","Failed","PRE_EXISTING","PRODUCT_OR_TOOLCHAIN_UNDETERMINED"
"MemoryStudioAllocationFailureTest.ObservedSessionCopyConstructionSweepsEveryAllocation","Failed","Failed","PRE_EXISTING","PRODUCT_OR_TOOLCHAIN_UNDETERMINED"
"MemoryStudioAllocationFailureTest.QueryConstructionCopyAndAssignmentSweepEveryAllocation","Failed","Failed","PRE_EXISTING","PRODUCT_OR_TOOLCHAIN_UNDETERMINED"
"MemoryStudioAllocationFailureTest.ReleasedExplainAndRetrievalTraceKeepTheStandardExceptionBoundary","Failed","Failed","PRE_EXISTING","PRODUCT_OR_TOOLCHAIN_UNDETERMINED"
"MemoryStudioAllocationFailureTest.ViewCopyConstructionAndAssignmentAreTransactional","Passed","Passed","PASS_BOTH",""
"MemoryStudioApiTest.ConstructionDefaultsAndByteExactStringsAreExact","Passed","Passed","PASS_BOTH",""
"MemoryStudioBoundaryTest.EngineLifetimeAndProviderIdentityDoNotOwnState","Passed","Passed","PASS_BOTH",""
"MemoryStudioConcurrencyTest.IndependentAndConstObservationsAreRaceFree","Passed","Passed","PASS_BOTH",""
"MemoryStudioDeterminismTest.EquivalentHistoriesProduceEquivalentOutcomes","Passed","Passed","PASS_BOTH",""
"MemoryStudioFailureTest.SemanticFailuresPreserveCompleteSessionState","Passed","Passed","PASS_BOTH",""
"MemoryStudioIsolationTest.SourcesSessionsAndPriorResultsRemainIndependent","Passed","Passed","PASS_BOTH",""
"MemoryStudioLifecycleTest.AllStagesReplacementAndPayloadShapesAreExact","Passed","Passed","PASS_BOTH",""
"MemoryStudioLifecycleTest.SessionCopiesDeepCopyEveryStage","Passed","Passed","PASS_BOTH",""
"MemoryStudioPrecedenceTest.ObserveAndQueryValidationOrderIsExact","Passed","Passed","PASS_BOTH",""
"MemoryStudioResultTest.MoveOnlyOutcomesHaveExactMovedFromShape","Passed","Passed","PASS_BOTH",""
"MemoryStudioSelectionTest.EmptySelectionsUseEveryFrozenPathInFixedOrder","Passed","Passed","PASS_BOTH",""
"MemoryStudioSelectionTest.ExactIdentityIsCaseSensitiveAndScopeBounded","Passed","Passed","PASS_BOTH",""
"MemoryStudioSelectionTest.ZeroAndMultiDigitIndicesHaveClosedGrammar","Passed","Passed","PASS_BOTH",""
"MemoryStudioSummaryTest.EmptyCompleteViewReportsEveryZeroAndFalse","Passed","Passed","PASS_BOTH",""
"MemoryStudioSummaryTest.EveryKeyStateCountAndOrderIsExact","Passed","Passed","PASS_BOTH",""
"MemoryStudioSummaryTest.EveryLegalReleasedStageIsObservedAndCounted","Passed","Passed","PASS_BOTH",""
"MemoryStudioSummaryTest.FormattingIsLocaleIndependentAscii","Passed","Passed","PASS_BOTH",""
"MemoryStudioTraceTest.AuthenticReleasedChainsArePreservedExactly","Passed","Passed","PASS_BOTH",""
"MemoryStudioTraceTest.ProhibitedScopesAndValidEmptySelectionsAreExact","Passed","Passed","PASS_BOTH",""
"MemoryStudioValueTest.QueryAndEverySessionStageHaveExactMoveShapes","Passed","Passed","PASS_BOTH",""
"MemoryStudioValueTest.ViewConstructionCopyAssignmentAndMovesOwnDeepState","Passed","Passed","PASS_BOTH",""
"MemoryStudioWorkspaceTest.AggregateAndOuterWorkspaceBoundariesAreClosed","Passed","Passed","PASS_BOTH",""
"ModelBuilderTest.BuildsAllTypedObjectsAndExtensibilityData","Passed","Passed","PASS_BOTH",""
"ModelBuilderTest.FailsDefensivelyForAnInvalidTree","Passed","Passed","PASS_BOTH",""
"PackageGeneratorTest.RejectsIncompleteRequest","Passed","Passed","PASS_BOTH",""
"PackageGeneratorTest.ReportsDeterministicPlaceholderStatus","Passed","Passed","PASS_BOTH",""
"ParserTest.CompatibilityOverloadRejectsEmptySourcePath","Passed","Passed","PASS_BOTH",""
"ParserTest.ConvertsYamlToFormatIndependentDeterministicTree","Passed","Passed","PASS_BOTH",""
"ParserTest.InjectedSinkReceivesParserDiagnostics","Passed","Passed","PASS_BOTH",""
"ParserTest.RejectsMultipleDocuments","Passed","Passed","PASS_BOTH",""
"ParserTest.RejectsRecursiveAliasesWithoutRecursingForever","Passed","Passed","PASS_BOTH",""
"ParserTest.ReportsDuplicateAndComplexMappingKeys","Passed","Passed","PASS_BOTH",""
"ParserTest.ReportsYamlSyntaxErrorsWithSourceLocation","Passed","Passed","PASS_BOTH",""
"ProceduralMemoryAllocationFailureTest.ComposeAppendPreservesAllStateAtEveryFailure","Failed","Failed","PRE_EXISTING","PRODUCT_OR_TOOLCHAIN_UNDETERMINED"
"ProceduralMemoryAllocationFailureTest.ComposeIdempotencePreservesAllStateAtEveryFailure","Failed","Failed","PRE_EXISTING","PRODUCT_OR_TOOLCHAIN_UNDETERMINED"
"ProceduralMemoryAllocationFailureTest.ComposeMissingSourceFailureConstructionPreservesAllState","Failed","Failed","PRE_EXISTING","PRODUCT_OR_TOOLCHAIN_UNDETERMINED"
"ProceduralMemoryAllocationFailureTest.DeriveAppendPreservesAllStateAtEveryFailure","Failed","Failed","PRE_EXISTING","PRODUCT_OR_TOOLCHAIN_UNDETERMINED"
"ProceduralMemoryAllocationFailureTest.DeriveConflictFailureConstructionPreservesAllState","Failed","Failed","PRE_EXISTING","PRODUCT_OR_TOOLCHAIN_UNDETERMINED"
"ProceduralMemoryAllocationFailureTest.DeriveIdempotencePreservesAllStateAtEveryFailure","Failed","Failed","PRE_EXISTING","PRODUCT_OR_TOOLCHAIN_UNDETERMINED"
"ProceduralMemoryAllocationFailureTest.ForgetAbsentPreservesAllStateAtEveryFailure","Failed","Failed","PRE_EXISTING","PRODUCT_OR_TOOLCHAIN_UNDETERMINED"
"ProceduralMemoryAllocationFailureTest.ForgetPresentWithMultiSurvivorLinksPreservesAllStateAtEveryFailure","Failed","Failed","PRE_EXISTING","PRODUCT_OR_TOOLCHAIN_UNDETERMINED"
"ProceduralMemoryAllocationFailureTest.ForgetRepeatedPreservesAllStateAtEveryFailure","Failed","Failed","PRE_EXISTING","PRODUCT_OR_TOOLCHAIN_UNDETERMINED"
"ProceduralMemoryAllocationFailureTest.LinkAppendPreservesBothEndpointsAtEveryFailure","Failed","Failed","PRE_EXISTING","PRODUCT_OR_TOOLCHAIN_UNDETERMINED"
"ProceduralMemoryAllocationFailureTest.LinkIdempotencePreservesAllStateAtEveryFailure","Failed","Failed","PRE_EXISTING","PRODUCT_OR_TOOLCHAIN_UNDETERMINED"
"ProceduralMemoryAllocationFailureTest.LinkMissingEndpointFailureConstructionPreservesAllState","Failed","Failed","PRE_EXISTING","PRODUCT_OR_TOOLCHAIN_UNDETERMINED"
"ProceduralMemoryAllocationFailureTest.UpdateIdempotencePreservesAllStateAtEveryFailure","Failed","Failed","PRE_EXISTING","PRODUCT_OR_TOOLCHAIN_UNDETERMINED"
"ProceduralMemoryAllocationFailureTest.UpdateMissingTargetFailureConstructionPreservesAllState","Failed","Failed","PRE_EXISTING","PRODUCT_OR_TOOLCHAIN_UNDETERMINED"
"ProceduralMemoryAllocationFailureTest.UpdateReplacementPreservesAllStateAtEveryFailure","Failed","Failed","PRE_EXISTING","PRODUCT_OR_TOOLCHAIN_UNDETERMINED"
"ProcessAllocationFailureTest.ContextExecutionPreservesReadyStateAtEveryAllocationFailure","Failed","Failed","PRE_EXISTING","PRODUCT_OR_TOOLCHAIN_UNDETERMINED"
"ProcessAllocationFailureTest.DefinitionConstructionPreservesTheSourceAtEveryAllocationFailure","Failed","Failed","PRE_EXISTING","PRODUCT_OR_TOOLCHAIN_UNDETERMINED"
"ProcessAllocationFailureTest.DefinitionExecutionPreservesTheDefinitionAtEveryAllocationFailure","Failed","Failed","PRE_EXISTING","PRODUCT_OR_TOOLCHAIN_UNDETERMINED"
"ProcessAllocationFailureTest.DirectExecutionPreservesTheSourceAtEveryAllocationFailure","Failed","Failed","PRE_EXISTING","PRODUCT_OR_TOOLCHAIN_UNDETERMINED"
"SerializationTest.EscapesJsonControlCharactersAndQuotes","Passed","Passed","PASS_BOTH",""
"SerializationTest.SpecificationReportsAreDeterministic","Passed","Passed","PASS_BOTH",""
"SerializationTest.ValidationReportUsesStableDiagnosticOrder","Passed","Passed","PASS_BOTH",""
"SourceLoaderTest.LoadsUtf8AndRemovesBom","Passed","Passed","PASS_BOTH",""
"SourceLoaderTest.RejectsDirectories","Passed","Passed","PASS_BOTH",""
"SourceLoaderTest.RejectsEmptyAndMissingPaths","Passed","Passed","PASS_BOTH",""
"SourceLoaderTest.RejectsMalformedUtf8","Passed","Passed","PASS_BOTH",""
"ValidatorTest.AcceptsCompleteCanonicalSpecification","Passed","Passed","PASS_BOTH",""
"ValidatorTest.CompatibilityOverloadRejectsEmptySourcePath","Passed","Passed","PASS_BOTH",""
"ValidatorTest.RejectsNonObjectRoot","Passed","Passed","PASS_BOTH",""
"ValidatorTest.RejectsUnknownObjectTypesAndTypeSpecificShapeErrors","Passed","Passed","PASS_BOTH",""
"ValidatorTest.ReportsDiagnosticsThroughInjectedSink","Passed","Passed","PASS_BOTH",""
"ValidatorTest.ReportsMetadataShapeViolations","Passed","Passed","PASS_BOTH",""
"ValidatorTest.ReportsMissingUnknownAndInvalidRootFields","Passed","Passed","PASS_BOTH",""
"ValidatorTest.ValidatesDependencyRuleAndArtifactMembers","Passed","Passed","PASS_BOTH",""
"ValidatorTest.ValidatesIdentifierKeyedExtensibilityMaps","Passed","Passed","PASS_BOTH",""
"WorkingMemoryAllocationFailureTest.ExpirePreservesStateAtEveryAllocationFailure","Failed","Failed","PRE_EXISTING","PRODUCT_OR_TOOLCHAIN_UNDETERMINED"
"WorkingMemoryAllocationFailureTest.ForgetPreservesStateAtEveryAllocationFailure","Failed","Failed","PRE_EXISTING","PRODUCT_OR_TOOLCHAIN_UNDETERMINED"
"WorkingMemoryAllocationFailureTest.InitialActivationPreservesStateAtEveryAllocationFailure","Failed","Failed","PRE_EXISTING","PRODUCT_OR_TOOLCHAIN_UNDETERMINED"
"WorkingMemoryAllocationFailureTest.NewStorePreservesStateAtEveryAllocationFailure","Failed","Failed","PRE_EXISTING","PRODUCT_OR_TOOLCHAIN_UNDETERMINED"
"WorkingMemoryAllocationFailureTest.ReplacementPreservesStateAtEveryAllocationFailure","Failed","Failed","PRE_EXISTING","PRODUCT_OR_TOOLCHAIN_UNDETERMINED"
"WorkingMemoryAllocationFailureTest.TaskSwitchPreservesStateAtEveryAllocationFailure","Failed","Failed","PRE_EXISTING","PRODUCT_OR_TOOLCHAIN_UNDETERMINED"
"cca.episodic_memory.architecture","Passed","Passed","PASS_BOTH",""
"cca.episodic_memory.example","Passed","Passed","PASS_BOTH",""
"cca.knowledge_retrieval.architecture","Passed","Passed","PASS_BOTH",""
"cca.knowledge_retrieval.example","Passed","Passed","PASS_BOTH",""
"cca.long_term_memory.architecture","Passed","Passed","PASS_BOTH",""
"cca.memory.architecture","Passed","Passed","PASS_BOTH",""
"cca.memory.example","Passed","Passed","PASS_BOTH",""
"cca.memory_consolidation.architecture","Passed","Passed","PASS_BOTH",""
"cca.memory_consolidation.example","Passed","Passed","PASS_BOTH",""
"cca.memory_provider.architecture","Passed","Passed","PASS_BOTH",""
"cca.memory_provider.example","Passed","Passed","PASS_BOTH",""
"cca.memory_reflection.architecture","Passed","Passed","PASS_BOTH",""
"cca.memory_reflection.example","Passed","Passed","PASS_BOTH",""
"cca.memory_studio.adapters","Passed","Passed","PASS_BOTH",""
"cca.memory_studio.architecture","Passed","Passed","PASS_BOTH",""
"cca.memory_studio.example","Passed","Passed","PASS_BOTH",""
"cca.memory_studio.integration","Passed","Passed","PASS_BOTH",""
"cca.memory_studio.investigation_core","Passed","Passed","PASS_BOTH",""
"cca.memory_studio.investigation_explorer","Passed","Passed","PASS_BOTH",""
"cca.memory_studio.investigation_policy_phase1","Passed","Passed","PASS_BOTH",""
"cca.memory_studio.investigation_policy_phase2","Passed","Passed","PASS_BOTH",""
"cca.memory_studio.investigation_policy_phase3","Passed","Passed","PASS_BOTH",""
"cca.memory_studio.investigation_policy_phase4_sdk","Passed","Passed","PASS_BOTH",""
"cca.memory_studio.mip","Passed","Passed","PASS_BOTH",""
"cca.memory_studio.regression","Passed","Passed","PASS_BOTH",""
"cca.memory_studio.scalability","Passed","Passed","PASS_BOTH",""
"cca.memory_studio.sdk","Passed","Passed","PASS_BOTH",""
"cca.memory_studio.web","Passed","Passed","PASS_BOTH",""
"cca.persistence.example","Passed","Passed","PASS_BOTH",""
"cca.procedural_memory.architecture","Passed","Passed","PASS_BOTH",""
"cca.procedural_memory.example","Passed","Passed","PASS_BOTH",""
"cca.process.architecture","Passed","Passed","PASS_BOTH",""
"cca.process.example.direct","Passed","Passed","PASS_BOTH",""
"cca.semantic_memory.architecture","Passed","Passed","PASS_BOTH",""
"cca.semantic_memory.example","Passed","Passed","PASS_BOTH",""
"cca.working_memory.architecture","Passed","Passed","PASS_BOTH",""
"cca.working_memory.example","Passed","Passed","PASS_BOTH",""
"cca.workspace.verify","Passed","Passed","PASS_BOTH",""
"memoryos.cli.examples","Passed","Passed","PASS_BOTH",""
"memoryos.cli.unit","Passed","Passed","PASS_BOTH",""
"memoryos.mcp.foundation","Failed","Failed","PRE_EXISTING","ENVIRONMENT"
"memoryos.sdk.cpp.example","Passed","Passed","PASS_BOTH",""
"memoryos.sdk.cpp.investigate.example","Passed","Passed","PASS_BOTH",""
"memoryos.sdk.cpp.policy.contract","Passed","Passed","PASS_BOTH",""
"memoryos.sdk.cpp.policy.example","Passed","Passed","PASS_BOTH",""
"memoryos.sdk.python.examples","Passed","Passed","PASS_BOTH",""
"memoryos.sdk.python.policy","Passed","Passed","PASS_BOTH",""
"memoryos.sdk.python.unit","Passed","Passed","PASS_BOTH",""
"memoryos.standard.boundary","Passed","Passed","PASS_BOTH",""
"memoryos.standard.compatibility","Passed","Passed","PASS_BOTH",""
"memoryos.standard.components","Passed","Passed","PASS_BOTH",""
"memoryos.standard.coverage-gap","Failed","Failed","PRE_EXISTING","TEST"
"memoryos.standard.independent","Failed","Failed","PRE_EXISTING","ENVIRONMENT"
"memoryos.standard.mo1301","Passed","Passed","PASS_BOTH",""
"memoryos.standard.mo1302-phase1","Passed","Passed","PASS_BOTH",""
"memoryos.standard.mo1302-phase2","Passed","Passed","PASS_BOTH",""
"memoryos.standard.mo1302-phase3","Passed","Passed","PASS_BOTH",""
"memoryos.standard.mo1303-phase1","Passed","Passed","PASS_BOTH",""
"memoryos.standard.mo1303-phase2","Passed","Passed","PASS_BOTH",""
"memoryos.standard.mo1303-phase3","Passed","Passed","PASS_BOTH",""
"memoryos.standard.mo1304-phase1","Failed","Failed","PRE_EXISTING","ENVIRONMENT"
"memoryos.standard.mo1304-phase2","Failed","Failed","PRE_EXISTING","ENVIRONMENT"
"memoryos.standard.mo1304-phase3-ubuntu","Failed","Failed","PRE_EXISTING","ENVIRONMENT"
"memoryos.standard.mo1304-phase3-windows","Failed","Failed","PRE_EXISTING","ENVIRONMENT"
"memoryos.standard.mo1304-platform-support","Failed","Failed","PRE_EXISTING","ENVIRONMENT"
"memoryos.standard.mo1305-phase3","Failed","Failed","PRE_EXISTING","ENVIRONMENT"
"memoryos.standard.normative","Passed","Passed","PASS_BOTH",""
"memoryos.standard.reference","Passed","Passed","PASS_BOTH",""
"memoryos.standard.report","Passed","Passed","PASS_BOTH",""
"memoryos.standard.runtime.reference","Not Run","Not Run","PRE_EXISTING","ENVIRONMENT"
"memoryos.standard.schema","Passed","Passed","PASS_BOTH",""
"memoryos.standard.sdk.cpp.reference","Passed","Passed","PASS_BOTH",""
"memoryos.standard.sdk.python.reference","Passed","Passed","PASS_BOTH",""
"memoryos.standard.selectors","Passed","Passed","PASS_BOTH",""
"memoryos.standard.specification","Failed","Failed","PRE_EXISTING","TEST"
"memoryos.vscode.package.validation","Passed","Passed","PASS_BOTH",""
"memoryos.vscode.product","Passed","Passed","PASS_BOTH",""
"memoryos.vscode.runtime","Passed","Passed","PASS_BOTH",""
"memoryos.vscode.shell","Passed","Passed","PASS_BOTH",""
